{
  "epoch": 25,
  "train_loss": 0.4992195411964699,
  "train_acc": 0.7777777777777778,
  "val_loss": 0.06114054502298435,
  "val_acc": 1.0,
  "val_prec_abn": 0.9999999900000002,
  "val_rec_abn": 0.9999999900000002,
  "val_f1_abn": 0.9999999850000002
}