epoch,train_loss,train_acc,val_loss,val_acc,val_prec_abn,val_rec_abn,val_f1_abn
25,0.4992195411964699,0.7777777777777778,0.06114054502298435,1.0,0.9999999900000002,0.9999999900000002,0.9999999850000002
