epoch,train_loss,train_acc,val_loss,val_acc,val_prec_abn,val_rec_abn,val_f1_abn
20,0.36262455692997686,0.8518518518518519,0.06814714148640633,1.0,0.9999999900000002,0.9999999900000002,0.9999999850000002
