{
  "epoch": 20,
  "train_loss": 0.36262455692997686,
  "train_acc": 0.8518518518518519,
  "val_loss": 0.06814714148640633,
  "val_acc": 1.0,
  "val_prec_abn": 0.9999999900000002,
  "val_rec_abn": 0.9999999900000002,
  "val_f1_abn": 0.9999999850000002
}