{
  "epoch": 5,
  "train_loss": 0.8962496298330801,
  "train_acc": 0.6296296296296297,
  "val_loss": 0.2386674036582311,
  "val_acc": 1.0,
  "val_prec_abn": 0.9999999900000002,
  "val_rec_abn": 0.9999999900000002,
  "val_f1_abn": 0.9999999850000002
}