epoch,train_loss,train_acc,val_loss,val_acc,val_prec_abn,val_rec_abn,val_f1_abn
5,0.8962496298330801,0.6296296296296297,0.2386674036582311,1.0,0.9999999900000002,0.9999999900000002,0.9999999850000002
