{
  "train_loss": [
    0.7305614330150463,
    0.7212230541087963,
    0.5746352584273727,
    0.5948388134991681,
    0.8962496298330801,
    0.7259597778320312,
    0.7426873666268808,
    0.35570314195421004,
    0.4585540206344039,
    0.35968300148292826,
    0.47304732711226855,
    0.3403732864945023,
    0.47469697175202547,
    0.48606618245442706,
    0.47706999602141203,
    0.4080013699001736,
    0.31207840530960645,
    0.35509462709780093,
    0.223602294921875,
    0.36262455692997686,
    0.4995012636537905,
    0.2594124122902199,
    0.4259036028826678,
    0.4640926784939236,
    0.4992195411964699
  ],
  "train_acc": [
    0.5925925925925926,
    0.6296296296296297,
    0.6296296296296297,
    0.6666666666666666,
    0.6296296296296297,
    0.7037037037037037,
    0.7037037037037037,
    0.8518518518518519,
    0.7407407407407407,
    0.8148148148148148,
    0.7037037037037037,
    0.7777777777777778,
    0.7407407407407407,
    0.7037037037037037,
    0.7777777777777778,
    0.7777777777777778,
    0.8518518518518519,
    0.8148148148148148,
    0.8888888888888888,
    0.8518518518518519,
    0.6666666666666666,
    0.8518518518518519,
    0.7037037037037037,
    0.7037037037037037,
    0.7777777777777778
  ],
  "val_loss": [
    0.7896943899492422,
    0.15051117787758508,
    0.046920296580841146,
    0.3122861584027608,
    0.2386674036582311,
    0.4999845127264659,
    0.39370555989444256,
    0.016713846785326798,
    0.04144890233874321,
    0.042798216144243874,
    0.17106187219421068,
    0.06464854627847672,
    0.039250889172156654,
    0.1778178190191587,
    0.08148082159459591,
    0.0734131820499897,
    0.05127677135169506,
    0.09539582207798958,
    0.061742763966321945,
    0.06814714148640633,
    0.06002890566984812,
    0.044041708732644715,
    0.15842248996098837,
    0.021484820637851954,
    0.06114054502298435
  ],
  "val_acc": [
    0.6666666666666666,
    1.0,
    1.0,
    0.8333333333333334,
    1.0,
    0.5,
    0.6666666666666666,
    1.0,
    1.0,
    1.0,
    1.0,
    1.0,
    1.0,
    1.0,
    1.0,
    1.0,
    1.0,
    1.0,
    1.0,
    1.0,
    1.0,
    1.0,
    1.0,
    1.0,
    1.0
  ],
  "val_f1_abn": [
    0.49999999375000004,
    0.9999999850000002,
    0.9999999850000002,
    0.6666666577777778,
    0.9999999850000002,
    0.3999999952,
    0.49999999375000004,
    0.9999999850000002,
    0.9999999850000002,
    0.9999999850000002,
    0.9999999850000002,
    0.9999999850000002,
    0.9999999850000002,
    0.9999999850000002,
    0.9999999850000002,
    0.9999999850000002,
    0.9999999850000002,
    0.9999999850000002,
    0.9999999850000002,
    0.9999999850000002,
    0.9999999850000002,
    0.9999999850000002,
    0.9999999850000002,
    0.9999999850000002,
    0.9999999850000002
  ]
}