epoch,train_loss,train_acc,val_loss,val_acc,val_prec_abn,val_rec_abn,val_f1_abn
15,0.47706999602141203,0.7777777777777778,0.08148082159459591,1.0,0.9999999900000002,0.9999999900000002,0.9999999850000002
