{
  "epoch": 15,
  "train_loss": 0.47706999602141203,
  "train_acc": 0.7777777777777778,
  "val_loss": 0.08148082159459591,
  "val_acc": 1.0,
  "val_prec_abn": 0.9999999900000002,
  "val_rec_abn": 0.9999999900000002,
  "val_f1_abn": 0.9999999850000002
}