epoch,train_loss,train_acc,val_loss,val_acc,val_prec_abn,val_rec_abn,val_f1_abn
10,0.35968300148292826,0.8148148148148148,0.042798216144243874,1.0,0.9999999900000002,0.9999999900000002,0.9999999850000002
