{
  "epoch": 10,
  "train_loss": 0.35968300148292826,
  "train_acc": 0.8148148148148148,
  "val_loss": 0.042798216144243874,
  "val_acc": 1.0,
  "val_prec_abn": 0.9999999900000002,
  "val_rec_abn": 0.9999999900000002,
  "val_f1_abn": 0.9999999850000002
}